{
"NEW ENGLAND": [43.965389,-70.822654],
"Boston, Mass.": [42.360083,-71.05888],
"Bridgeport, Conn.": [41.186548,-73.195177],
"Cambridge, Mass.": [42.373616,-71.109733],
"Fall River, Mass.": [41.701491,-71.155045],
"Hartford, Conn.": [41.763711,-72.685093],
"Lowell, Mass.": [42.633425,-71.316172],
"Lynn, Mass.": [42.466763,-70.949494],
"New Bedford, Mass.": [41.636215,-70.934205],
"New Haven, Conn.": [41.308274,-72.927883],
"Providence, R.I.": [41.823989,-71.412834],
"Somerville, Mass.": [42.387597,-71.099497],
"Springfield, Mass.": [42.101483,-72.589811],
"Waterbury, Conn.": [41.558153,-73.051496],
"Worcester, Mass.": [42.262593,-71.802293],
"MID. ATLANTIC": [39.833898,-75.200028],
"Albany, N.Y.": [42.652579,-73.756232],
"Allentown, Pa.": [40.608431,-75.490183],
"Buffalo, N.Y.": [42.886447,-78.878369],
"Camden, N.J.": [39.925946,-75.11962],
"Elizabeth, N.J.": [40.663992,-74.210701],
"Erie, Pa.***": [42.129224,-80.085059],
"Jersey City, N.J.": [40.728157,-74.077642],
"New York City, N.Y.": [40.712784,-74.005941],
"Newark, N.J.": [40.735657,-74.172367],
"Paterson, N.J.": [40.916765,-74.171811],
"Philadelphia, Pa.": [39.952584,-75.165222],
"Pittsburgh, Pa.***": [40.440625,-79.995886],
"Reading, Pa.": [40.335648,-75.926875],
"Rochester, N.Y.": [43.16103,-77.610922],
"Schenectady, N.Y.": [42.814243,-73.939569],
"Scranton, Pa.***": [41.408969,-75.662412],
"Syracuse, N.Y.": [43.048122,-76.147424],
"Trenton, N.J.": [40.217053,-74.742938],
"Utica, N.Y.": [43.100903,-75.232664],
"Yonkers, N.Y.": [40.93121,-73.898747],
"E.N. CENTRAL": [-25.562811,-57.507991],
"Akron, Ohio": [41.081445,-81.519005],
"Canton, Ohio": [40.798947,-81.378447],
"Chicago, Ill.": [41.878114,-87.629798],
"Cincinnati, Ohio": [39.103118,-84.51202],
"Cleveland, Ohio": [41.49932,-81.694361],
"Columbus, Ohio": [39.961176,-82.998794],
"Dayton, Ohio": [39.758948,-84.191607],
"Detroit, Mich.": [42.331427,-83.045754],
"Evansville, Ind.": [37.971559,-87.57109],
"Fort Wayne, Ind.": [41.079273,-85.139351],
"Gary, Ind.": [41.59337,-87.346427],
"Grand Rapids, Mich.": [42.96336,-85.668086],
"Indianapolis, Ind.": [39.768403,-86.158068],
"Lansing, Mich.": [42.732535,-84.555535],
"Milwaukee, Wis.": [43.038903,-87.906474],
"Peoria, Ill.": [40.693649,-89.588986],
"Rockford, Ill.": [42.271131,-89.093995],
"South Bend, Ind.": [41.676355,-86.25199],
"Toledo, Ohio": [41.663938,-83.555212],
"Youngstown, Ohio": [41.09978,-80.649519],
"W.N. CENTRAL": [-25.562811,-57.507991],
"Des Moines, Iowa": [41.600545,-93.609106],
"Duluth, Minn.": [46.786672,-92.100485],
"Kansas City, Kans.": [39.114053,-94.627464],
"Kansas City, Mo.": [39.099727,-94.578567],
"Lincoln, Nebr.": [40.825763,-96.685198],
"Minneapolis, Minn.": [44.977753,-93.265011],
"Omaha, Nebr.": [41.252363,-95.997988],
"St. Louis, Mo.": [38.627003,-90.199404],
"St. Paul, Minn.": [44.953703,-93.089958],
"Wichita, Kans.": [37.687176,-97.330053],
"S. ATLANTIC": [41.403601,-95.013878],
"Atlanta, Ga.": [33.748995,-84.387982],
"Baltimore, Md.": [39.290385,-76.612189],
"Charlotte, N.C.": [35.227087,-80.843127],
"Jacksonville, Fla.": [30.332184,-81.655651],
"Miami, Fla.": [25.76168,-80.19179],
"Norfolk, Va.": [36.850769,-76.285873],
"Richmond, Va.": [37.540725,-77.436048],
"Savannah, Ga.": [32.083541,-81.099834],
"St. Petersburg, Fla.": [27.751828,-82.626734],
"Tampa, Fla.": [27.950575,-82.457178],
"Washington, D.C.": [38.907192,-77.036871],
"Wilmington, Del.": [39.739072,-75.539788],
"E.S. CENTRAL": [-25.562811,-57.507991],
"Birmingham, Ala.": [33.520661,-86.80249],
"Chattanooga, Tenn.": [35.04563,-85.30968],
"Knoxville, Tenn.": [35.960638,-83.920739],
"Lexington, Ky.": [38.040584,-84.503716],
"Memphis, Tenn.": [35.149534,-90.04898],
"Mobile, Ala.": [30.695366,-88.039891],
"Montgomery, Ala.": [32.366805,-86.299969],
"Nashville, Tenn.": [36.162664,-86.781602],
"W.S. CENTRAL": [-25.562811,-57.507991],
"Austin, Tex.": [30.267153,-97.743061],
"Baton Rouge, La.": [30.458283,-91.14032],
"Corpus Christi, Tex.": [27.800583,-97.396381],
"Dallas, Tex.": [32.776664,-96.796988],
"El Paso, Tex.": [31.761878,-106.485022],
"Ft. Worth, Tex.": [32.755488,-97.330766],
"Houston, Tex.": [29.760427,-95.369803],
"Little Rock, Ark.": [34.746481,-92.289595],
"New Orleans, La.": [29.951066,-90.071532],
"San Antonio, Tex.": [29.424122,-98.493628],
"Shreveport, La.": [32.525152,-93.750179],
"Tulsa, Okla.": [36.153982,-95.992775],
"MOUNTAIN": [29.727109,-99.763538],
"Albuquerque, N.M.": [35.085334,-106.605553],
"Boise, Idaho": [43.61871,-116.214607],
"Colo. Springs, Colo.": [38.833882,-104.821363],
"Denver, Colo.": [39.739236,-104.990251],
"Las Vegas, Nev.": [36.169941,-115.13983],
"Ogden, Utah": [41.223,-111.97383],
"Phoenix, Ariz.": [33.448377,-112.074037],
"Pueblo, Colo.": [38.254447,-104.609141],
"Salt Lake City, Utah": [40.760779,-111.891047],
"Tucson, Ariz.": [32.221743,-110.926479],
"PACIFIC": [46.518082,-123.826451],
"Berkeley, Calif.": [37.871593,-122.272747],
"Fresno, Calif.": [36.746842,-119.772587],
"Glendale, Calif.": [34.142508,-118.255075],
"Honolulu, Hawaii": [21.306944,-157.858333],
"Long Beach, Calif.": [33.77005,-118.193739],
"Los Angeles, Calif.": [34.052234,-118.243685],
"Pasadena, Calif.": [34.147785,-118.144516],
"Portland, Oreg.": [45.523062,-122.676482],
"Sacramento, Calif.": [38.581572,-121.4944],
"San Diego, Calif.": [32.715738,-117.161084],
"San Francisco, Calif.": [37.77493,-122.419416],
"San Jose, Calif.": [37.338208,-121.886329],
"Santa Cruz, Calif.": [36.974117,-122.030796],
"Seattle, Wash.": [47.60621,-122.332071],
"Spokane, Wash.": [47.65878,-117.426047],
"Tacoma, Wash.": [47.252877,-122.444291]
}
